{"Seattle": [47.6038321, -122.330062], "Menifee": [33.683291, -117.1754611]}