{"Seattle": [47.6038321, -122.330062], "Menifee": [33.683291, -117.1754611], "Bern": [46.948998594, 7.437170775]}